name,website,number
Sharmin Dental Clinic,http://www.sharmindental.com,(202) 462-5227
Willow Dental Group,http://www.shawneandersondds.com,(559) 434-1088
Shenandoah Dental Studio,http://www.shenandoahdentalstudio.com,(540) 464-9953
SIMADENT USA,http://www.simadentusa.com,(305) 827-2811
Skyline Dental Arts,http://www.skylinedentalarts.com,(540) 513-4500
Delaware Dental Sleep,http://www.sleepbetterdelaware.com,(302) 384-7801
Smile Arts of,http://www.smileartsofny.com,(212) 537-6923
Smile Cafe Dental,http://www.smilecafeny.com,(212) 779-7743
Smile Central Valley,http://www.smilecentralvalley.com,(559) 686-0078
Smile Dental Care,http://www.smiledentalcare.com,(301) 515-5955
Smile Dental Group,http://www.smiledentalgroup.org,(305) 556-8800
Smile Hot Springs,http://www.smilehotsprings.com,(501) 624-7129
North West Dental,http://www.smilenorthwest.com,(202) 291-1610
Smiles LA,http://www.smiles.la,(323) 263-2125
Dr. Benjamin Hsu,http://www.smilesonsmilesdentalcare.com,(646) 755-8006
Smile Systems,http://www.smilesystems.com,(888) 877-5790
Smile Vegas Dental,http://www.smilevegasdental.com,(702) 660-2646
Snow Tree Dental,http://www.snowtreedental.com,(832) 464-3368
Soltanik Dental,http://www.soltanikdental.com,(305) 466-2334
So Others Might,http://www.some.org,(202) 797-8806
Sonrisas Family Dentistry,http://www.sonrisasfamilydentistry.com,(540) 437-9422
SOTA DENTAL CANCUN,http://www.sotadental.com,(800) 681-3340
South Anchorage Dental,http://www.southanchoragedental.com,(907) 248-7275
Meridian Dental Care,https://www.meridiandentalcare.com,(253) 845-1600
Mesa Dental,https://www.mesa-dental.com,(702) 744-4401
Miami Dental Heaven,https://www.miamidentalheaven.com,(305) 446-1067
Middlebury Dental Center,https://www.middleburydentistry.com,(475) 219-2190
M.I. Dental Designs,https://www.midentaldesigns.com,(210) 496-9967
Midtown Dental Care,https://www.midtowndentalcareassociates.com,(212) 685-4730
Everyday Dental Habits,https://www.midtownendodontistnyc.com,(347) 708-8795
Arcadia Dentistry: Matthew,https://www.milanadds.com,(602) 957-2170
JBA Dental Clinic,https://www.military.com,(240) 857-5029
Mothers' Choice Dental,https://www.motherschoicedental.com,(214) 429-3359
Mount Jackson Dental,https://www.mountjacksondentalcare.com,(540) 477-2901
Mounts Dental Care,https://www.mountsdentalcare.com,(501) 753-0166
All Care Dental,https://www.myallcarefamilydental.com,(469) 701-2982
Brownstone Dental,https://www.mybrownstonedental.com,(713) 271-3000
Millenium Dental Center,https://www.mydentalcenter.net,(661) 326-8536
Metro Dental,https://www.mymetrodental.com,(240) 582-4422
Aesthetic,https://www.mynorthbethesdadentist.com,(301) 658-7647
Mysa Dental,https://www.mysadentaltx.com,(210) 564-9044
My Smile Orthodontics,https://www.mysmilect.com,(203) 538-5014
Soleil Dental,https://www.mysoleildental.com,(214) 304-2112
Stone Oak Dental,https://www.mystoneoakdental.com,(210) 348-3828
Naba Dental,https://www.nabadental.com,(346) 571-7254
Nava Dental,https://www.navadental.com,(928) 227-1051
North Central Family,https://www.ncfdentistry.com,(602) 242-2576
New Image Dental,https://www.newimagedentalnv.com,(702) 838-3311
NextGen Dental Center,https://www.nextgendentalcenter.com,(713) 930-1122
North Dallas Dental,https://www.northdallasdentalhealth.com,(214) 691-2404
Northwind Dental,https://www.northwinddentalak.com,(907) 373-2440
Nova Dental Gaithersburg,https://www.novadental.org,(240) 477-8006
Nova Dental Care,https://www.novadentalcare.com,(936) 256-2360
Northern Virginia Community,https://www.nvcc.edu,(703) 822-6607
NY Dental Boutique,https://www.nydentalboutique.com,(718) 484-1560
New York Midtown,https://www.nymidtowndental.com,(212) 278-8105
Oral Surgery DC,https://www.oralsurgerydc.com,(202) 610-0600
Texas Center,https://www.oralsurgerytexas.com,(972) 436-1513
Dr. Dania Oramas,https://www.oramasdentalcenter.com,(305) 456-6322
Palmer Dental Center,https://www.palmerdentalcenter.com,(907) 745-8122
Park 56 Dental,https://www.park56dental.com,(212) 826-2322
C.V. Roman Health,https://www.parklandhealth.org,(214) 266-5000
Park Smiles NYC,https://www.parksmilesnyc.com,(212) 988-6724
Pax Dental,https://www.paxdental.com,(301) 863-8822
Pearl Dental NYC,https://www.pearldentalnyc.com,(212) 344-9317
Dream Smiles Pediatric,https://www.pediatricdentistrygaithersburg.com,(301) 327-1003
Perfect Dental Care,https://www.perfectdentalny.com,(212) 644-7009
Perryville Family Dental,https://www.perryvillefamilydental.com,(501) 391-1274
Pinecrest Dental,https://www.pinecrestdds.com,(801) 905-8443
Plover Pediatric Dentistry,https://www.ploverpediatricdentistry.com,(240) 642-3161
Parvaneh Sajjadi,https://www.potomacdentalclinic.com,(301) 984-4040
Power Dental,https://www.powerdentalaz.com,(480) 924-6024
Precision Periodontics,https://www.precisioninperio.com,(202) 296-3360
Precision Smile Dentistry,https://www.precisionsmiledentistry.com,(202) 552-0077
Providence Dental,https://www.providencedental.com,(702) 852-2022
Pure Dental Center,https://www.puredentalcenter.com,(832) 831-3090
Pure Dental Hygiene,https://www.puredentalvail.com,(970) 445-2100
Quince Orchard Dental,https://www.quinceorcharddentalcare.com,(301) 527-2727
Restoration Dental,https://www.rdalabama.com,(334) 347-9564
Reality Bites Dental,https://www.realitybitesdental.com,(210) 399-5951
Rehoboth Beach Dental,https://www.rehobothbeachdental.com,(302) 226-7960
Restore Dental At,https://www.restoredentalmontrose.com,(281) 768-8944
Richardson Dental Care,https://www.richardsondentalcare.net,(214) 575-9990
Rifle Valley Family,https://www.riflevalleyfamilydentistry.com,(970) 649-6100
Rio Dental,https://www.riodentalgroup.com,(972) 885-8089
The Dental Office,https://www.riverhousedental.com,(703) 521-8080
Rivers Dentistry,https://www.rivers-dentistry.com,(970) 550-5998
Riverwalk Dental,https://www.riverwalkdentalorthodontics.com,(210) 446-6227
Rocktown Family Dental,https://www.rocktowndental.com,(540) 705-0102
Zuri Dental,https://www.rockvilledental.com,(301) 468-9001
Rockville Family Dental,https://www.rockvillefamilydental.com,(301) 231-0173
Rockville Family Dentistry,https://www.rockvillefamilydentistry.com,(301) 816-9400
Ross Avenue Family,https://www.rossavefamilydental.com,(469) 210-7223
Royalteeth Family Dental,https://www.royalteethdental.com,(210) 610-7772
Richard S Mansfield,https://www.rsmansfielddds.com,(540) 943-2859
Salina Creek Dental,https://www.salinacreekdental.com,(435) 529-1000
Salt Lake Dental,https://www.saltlakedental.net,(801) 396-9321
Salt River Dental,https://www.saltriverdental.com,(480) 948-6549
SAMA Oral Health,https://www.samaoralhealth.com,(212) 575-7740
San Antonio Smiles,https://www.sanpedrosmiles.com,(210) 899-5417
Shoals Community Clinic,https://www.shoalscommunityclinic.com,(256) 760-4713
Sierra Dental Hialeah,https://www.sierrasmile.com,(305) 558-9995
Simon Dental Care,https://www.simondentalcare.com,(480) 833-0880
Siranli Implants,https://www.siranlidental.com,(202) 466-4530
Skillman Family Dentistry,https://www.skillmanfamilydentistry.com,(469) 998-9822
Skyline Dental Studio,https://www.skylinedentaldtx.com,(214) 969-7455
Smile Arizona Dentistry,https://www.smilearizonadentistry.com,(480) 994-5225
Casey Cutler,https://www.smileaz.com,(480) 820-6080
Smile Concepts AZ,https://www.smileconceptsaz.com,(480) 951-2800
Smile Design Studio,https://www.smiledesignstudioofbethesda.com,(301) 907-8201
Smile Fitness Dental,https://www.smilefitnessdentalcenter.com,(602) 533-0996
Smiles 4U Dental,https://www.smiles4ulv.com,(702) 802-3500
Smiles by Dr.,https://www.smilesbyjosh.com,(954) 522-4900
Smiles R Us,https://www.smilesrusdental.com,(210) 694-4999
Smile Time Dental,https://www.smiletimedentalhouston.com,(281) 245-0711
Tuscaloosa General Dentistry,https://www.smiletuscaloosa.com,(205) 553-4477
Smile With Us,https://www.smilewithusny.com,(516) 614-5918
Southern Nevada Dental,https://www.sndsonline.org,(702) 793-4455
Snow Family Dentistry,https://www.snowfamilydentistry.com,(480) 982-7289
Sola Dental Spa:,https://www.soladentalspa.com,(718) 948-3777
South Capitol Smile,https://www.southcapitolsmilecenter.com,(202) 488-1313
Southeast Dental Care,https://www.southeastdentalcarehouston.com,(281) 484-1006
South Florida Dental,https://www.southfloridadentalcare.com,(954) 966-6410
St. Petersburg College,https://www.spcollege.edu,(727) 341-3668
Springs Dental of,https://www.springsdental.net,(305) 885-9721
StarrTeeth Dental,https://www.starrteeth.com,(240) 660-4271
Summit Smiles,https://www.summitsmilesva.com,(540) 828-3518
SDG Dental Care,https://www.sundentalcosmetics.com,(346) 226-5333
Sunnyside Smiles,https://www.sunnyside-smiles.com,(559) 454-7900
Sunnyvale Dental Care,https://www.sunnyvaledentalcare.net,(408) 720-0900
Sunshine Dental,https://www.sunshinedentalhouston.com,(713) 701-9305
Supertooth at Bethesda,https://www.supertooth.com,(301) 679-7811
Supreme Dental,https://www.supremedentallv.com,(702) 333-0060
Surprise Dental Care,https://www.surprisedentalcare.com,(623) 583-8895
Svetlana Dental,https://www.svetlanadental.com,(954) 621-1439
Silicon Valley Pediatric,https://www.svpdo.com,(408) 249-5121
Premier Dental Care,https://www.takomadentist.com,(202) 991-4648
Teeth R US,https://www.teethrusdentaldesign.com,(305) 974-5175
Tempe Dental Care,https://www.tempedentalcare.com,(480) 730-5000
Ten Mile Dental,https://www.tenmiledental.com,(970) 668-1010
Terra Dental,https://www.terradental.nyc,(212) 937-1079
The Chelsea Dental,https://www.thechelseadentalgroup.com,(516) 756-9630
The Dental Group,https://www.thedentalgrouplewes.com,(302) 645-8993
The Dental Spa,https://www.thedentalspany.com,(718) 965-6298
The Kids� Dental,https://www.thekidsdentalofficeofphoenix.com,(602) 833-2564
Mathews Dental,https://www.themathewsdental.com,(334) 781-6991
Timber Way Family,https://www.timberwaydentistry.com,(540) 901-2151
Tolley Dental of,https://www.tolleydental.com,(540) 590-5725
Top Dental,https://www.topdental.com,(703) 393-9393
Total Relief Emergency,https://www.totalreliefemergencydental.care,(786) 957-3100
TPC Dental Care,https://www.tpcdentalcare.com,(210) 497-4847
Tran Dental,https://www.trandental.com,(210) 674-3700
Truth and Laughter,https://www.truthandlaughter.com,(212) 751-6428
TW Orthodontics,https://www.twortho.com,(334) 874-6627
Dentist 101 of,https://www.txdentist101.com,(713) 773-1300
Ultra Smile DentaSpa,https://www.ultrasmilemiami.com,(305) 676-5330
Union Dental,https://www.uniondentallv.net,(702) 872-2872
Union Square Dental,https://www.unionsquaredentalny.com,(212) 675-7877
US Dental Practices,https://www.usdentalpractices.com,(917) 670-0191
Valley Dental,https://www.valleydentallv.com,(702) 644-2222
Valley Dental Clinic,https://www.vdcak.com,(907) 206-6084
Village Family Dental,https://www.villagefamilydental.org,(972) 780-1919
Vision Dental,https://www.visiondental.com,(310) 470-6121
Viva Dental,https://www.vivalvdental.com,(702) 382-1244
Wagner Dental,https://www.wagnerdentist.com,(702) 878-5599
Walk In Dental,https://www.walk-indentalclinic.com,(713) 999-5328
Warr Dental,https://www.warrdental.com,(385) 462-8306
Wendover Dental Care,https://www.wendoverdental.com,(435) 665-2962
Comprehensive Dental Care,https://www.westhartforddentalcare.com,(860) 233-7514
West Hartford Dental,https://www.westhartforddentalgroup.com,(860) 236-4249
White Peak Dental,https://www.whitepeakdental.com,(801) 719-2113
Wilton Dental Care,https://www.wiltondentalcare.com,(203) 762-8586
Shenandoah Family Dentistry,https://www.winchestersmiles.com,(540) 773-0234
Yes Dental,https://www.yesdentaltx.com,(972) 872-4791
Your Oviedo Dentist,https://www.youroviedodentist.com,(407) 901-5138
Ziva Dental,https://www.zivadental.com,(210) 988-0777
Sonrisa Dental,https://yoursonrisa.com,(210) 590-4100
Elevated Dentistry,https://www.elevated-dentistry.com,(434) 218-4762
Elham Amini DDS,https://www.elhamaminidds.com,(301) 570-2100
Elite Dental Wellness,https://www.elitedentalwellness.com,(713) 789-8680
Emergency Dental Center,https://www.emergencydentalcenter.com,(713) 829-5508
The Emergency Dentists,https://www.emergencydentists.dental,(702) 444-2494
Epsilon Dental Care,https://www.epsilondentalcare.com,(301) 258-8822
Evolution Dental Billing,https://www.evolutiondentalbilling.com,(602) 318-9396
Excel Dental and,https://www.excellentdentalspecialists.com,(210) 964-7098
Exceptional Smiles Family,https://www.exceptionalsmiles.dental,(540) 434-5500
Express Dental INC,https://www.expressdentalflorida.net,(786) 762-4450
Oral,https://www.facialsurgery.org,(702) 892-0833
Family Dental Center,https://www.familydentalcenterofconnecticut.com,(860) 763-5522
Family Dental Center,https://www.familydentalofconnecticut.com,(860) 430-4388
First State Dental,https://www.firststatedental.com,(302) 652-5312
FL Dental Spa,https://www.fldentalspa.com,(954) 941-7778
Florida City Dental,https://www.floridacitydental.com,(305) 242-5777
Florida Dental Solutions,https://www.floridadentalsolutions.com,(954) 362-4102
Flowers Dental,https://www.flowersdental.com,(202) 726-5250
Frederick Dental Group,https://www.frederickdentalgroup.net,(301) 624-1001
Asuncion Dental Group,https://www.frederickmddental.com,(301) 690-8482
Fresh Impressions Dental,https://www.freshimpressionsdentalcare.com,(860) 649-5000
Gemini Dental Doral,https://www.geminidentalmiami.com,(305) 629-9909
William U. Britton,https://www.gentledentalcareohio.com,(740) 772-2225
Glassman Dental Care,https://www.glassmandentalcare.com,(212) 787-4860
Granby Dental Center,https://www.granbydentalcenter.com,(860) 653-3220
Green California Dental,https://www.greencaliforniadental.com,(818) 238-9700
Hagerstown Community College,https://www.hagerstowncc.edu,(240) 500-2569
Hanford Family Dental,https://www.hanfordfamilydentistry.com,(559) 530-8080
Happy Smile Pediatric,https://www.happysmiledentistry.com,(212) 880-2222
Happy Tooth Pediatric,https://www.happytoothslc.com,(801) 410-0165
Harrisonburg Family and,https://www.harrisonburgsmiles.com,(540) 432-6616
Hatcher Dental Studio,https://www.hatcherdental.com,(602) 906-9868
Health 360 Dental,https://www.health360dental.com,(301) 657-2225
Helping Hand Dental,https://www.helpinghanddentalclinic.com,(623) 999-1000
Carlos M. Hernandez,https://www.hhdentistryandorthodontics.com,(559) 493-5697
Highland Smiles Dental,https://www.highlandsmilesdental.com,(214) 528-9990
Highlandtown Dental Group,https://www.highlandtowndentalgroup.com,(410) 327-5488
Diamond Lakes Dental,https://www.hotspringsdentist.org,(501) 451-8683
Northwest Dental Center,https://www.houston-dental.com,(713) 681-6100
Houston Dental Care,https://www.houstondentalcare.org,(713) 785-0234
Houston Precise Dental,https://www.houstonprecisedentalcare.com,(713) 433-6431
Houston Skyline Dental,https://www.houstonskylinedental.net,(713) 226-7050
Houston Uptown Dentists,https://www.houstonuptowndentists.com,(713) 366-4376
Highland Park Dental,https://www.hpdentist.com,(214) 521-3730
Village Dental Group,https://www.hsvdg.com,(501) 922-1045
H,https://www.htowndental.com,(832) 767-5614
Innovative Dental,https://www.innovativedentalnyc.com,(212) 269-2949
Innovative Family Dental,https://www.innovativefamilydental.com,(970) 262-2002
Integrative Dentistry Colorado,https://www.integrativedentistrycolorado.com,(970) 349-5577
Interior Community Health,https://www.interiorcommunityhealth.org,(907) 455-4567
Inwood Dental PC,https://www.inwooddentalpc.com,(972) 598-9338
Ivory Dental Centre,https://www.ivorydc.com,(202) 621-8862
Kevin G. Jones,https://www.jonesfamilydental.com,(501) 225-4555
Joseph A. Elmassian,https://www.josephaelmassiandds.com,(213) 627-9700
JP Dental Hartford,https://www.jpdentalhartford.com,(860) 525-2366
Katy Trail Dental,https://www.katytrail.dental,(214) 380-9071
Keener Orthodontics,https://www.keenerorthodontics.com,(434) 973-6542
Kessler Park Dental,https://www.kesslerparkdental.com,(214) 303-9969
Kids Dental Spot,https://www.kidsdentalspot.com,(480) 863-3368
Mandanas Dental,https://www.ladydentistanchorage.com,(907) 276-5522
Lake Highlands Dental,https://www.lakehighlandsdental.com,(214) 613-1279
Lake Mead Dental,https://www.lakemeaddental.com,(702) 304-1234
Lakeview Dental,https://www.lakeviewdentallv.com,(702) 732-8800
Lakewood Family Dental,https://www.lakewoodfamilydental.com,(214) 447-3302
Las Vegas Dental,https://www.lasvegasdentalgroup.com,(702) 870-5165
Hi,https://www.lasvegassedation.com,(702) 233-5551
L.E.S. Dental Group.,https://www.lesdentalgroup.com,(212) 979-0990
LifeLine Dental,https://www.lifelinedentaltx.com,(281) 409-3777
Life Smiles Dental,https://www.lifesmilesdentalcare.com,(602) 786-5484
Lumia Dental PLLC,https://www.lumiadental.com,(212) 287-1275
Luray Family Dental,https://www.lurayfamilydental.com,(540) 743-4810
Smiles,https://www.lvsmilesforlife.com,(725) 217-3991
Lynn Dental Care,https://www.lynndentalcare.com,(972) 934-1400
Mainline Health Star,https://www.mainlinehealth.net,(870) 628-5110
Manchester Dental Group,https://www.manchesterdentalgroup.com,(860) 661-4000
Modern Dental of,https://www.manhattandentists.com,(212) 758-1000
Marietta Dental Works,https://www.mariettadentalworks.com,(740) 371-4659
Maryland Compassionate Dentistry,https://www.marylandcompassionatedentistry.com,(301) 589-2714
Matias Dental Group,https://www.matiasdentalgroup.com,(202) 362-7418
Maryland Sedation Dentistry,https://www.mdsedation.com,(240) 673-3283
MedStar Health: Oral,https://www.medstarhealth.org,(202) 877-3627
Memorial Family Dental,https://www.memorialfamilydental.com,(713) 333-8500
Miami Lakes Dental,https://www.dhc.dental,(954) 280-3166
Diamond Dental,https://www.diamonddentalct.com,(203) 403-2428
District Cosmetic Dental:,https://www.districtcosmeticdental.com,(202) 659-5986
Dixwell Dental,https://www.dixwelldental.com,(203) 404-7006
Dlight Dental WashingtonDC,https://www.dlightdentaldc.com,(202) 737-1850
Dobson Ranch Dental,https://www.dobsonranchdentalcare.com,(480) 838-8558
Dominion Family Dentistry,https://www.dominionfamilydentistry.com,(540) 743-3434
Downtown Dental Lemoore,https://www.downtowndentallemoore.com,(559) 924-5353
Downtown Phoenix Dental,https://www.downtownphoenixdental.com,(602) 626-7952
Max Arocha,https://www.drarocha.com,(954) 432-7771
Dr. Toksoy,https://www.drdavidtoksoy.com,(212) 260-2652
The Houston Dentists,https://www.drfrazar.com,(346) 202-3432
Dr. George Gutierrez,https://www.drgeorgegutierrez.net,(210) 824-5437
Glen J. Graffeo,https://www.drgraffeo.com,(212) 540-3080
Preferred Family Dentistry,https://www.drjlv.com,(702) 433-0355
Atlantic Dental Care,https://www.drtaleigh.com,(804) 693-2575
DTCC Dental Health,https://www.dtcc.edu,(302) 571-5364
Dupont Dental,https://www.dupontdental.com,(202) 296-7714
Dynamic Dental,https://www.dynamicdentallv.com,(702) 979-3107
Campus Smiles DYNTL,https://www.dyntl.com,(832) 380-9475
Eagle River Dental,https://www.eagleriverdentalak.com,(907) 694-8610
Echeverri Dental Center,https://www.echeverridental.com,(713) 956-8767
Bee Family Dentistry,https://www.beefamilydentistry.com,(210) 690-9430
Bell Road Dental,https://www.bellroaddentalcare.com,(602) 404-3483
Bell Road Family,https://www.bellroadfd.com,(334) 679-2544
Harrisonburg Dental Associates,https://www.bestdentistharrisonburg.com,(540) 437-4090
BH Dental NY,https://www.bhdentalnyc.com,(607) 600-6581
Billion Dollar Smile,https://www.billiondollarsmile.net,(954) 866-8801
Biltmore Commons Dental,https://www.biltmorecommonsdental.com,(602) 249-2227
Biltmore Dental,https://www.biltmoredental.com,(305) 364-9322
Bird Road Dental,https://www.birdroaddental.com,(305) 686-7713
Bleu Dentistry,https://www.bleudentist.com,(214) 699-4976
Blossom Dentistry,https://www.blossomdentistrydc.com,(202) 922-2900
Blue Back Dental,https://www.bluebackdental.com,(860) 530-4900
Blue Stone Hills,https://www.bluestonehillsdentistry.com,(540) 534-2466
boca Dental,https://www.bocadentallasvegas.com,(702) 984-3678
Borinquen Medical Centers,https://www.borinquenhealth.org,(305) 576-6611 ext. 7200
Briar Forest Dental,https://www.briarforestdentalclinic.com,(713) 928-5400
Bright Value Dental,https://www.brightvaluedental.com,(713) 668-1600
Brite Dental Spa,https://www.britedentalnyc.com,(646) 628-1211
Brynne Gordon,https://www.brynnegordondds.com,(970) 945-8753
Buckland Hills Dental,https://www.bucklandhillsdental.com,(860) 644-0099
Cabo Dental,https://www.cabodental.net,(832) 446-3646
Calm Dental,https://www.calmdc.com,(202) 800-0126
Calm Spring Dental,https://www.calmspringdental.com,(210) 864-0272
CANAL DENTAL GROUP,https://www.canaldentalgroup.com,(212) 966-3649
Care Dental Center,https://www.caredentaldt.com,(860) 296-7460
Carter Family Dentistry,https://www.carterdentistry.com,(256) 638-2121
Central Coast Dental,https://www.centralcoastdentalcare.com,(831) 900-3000
Central Dental,https://www.centraldentalaz.com,(480) 808-9494
Central Dentist,https://www.centraldentist.com,(214) 368-0900
Central Valley Dentistry,https://www.centralvalleydentistry.com,(602) 246-0385
Centre Dental,https://www.centredent.com,(212) 925-7066
California Family Dental,https://www.cfdgdental.com,(323) 582-4474
Chandler Dental Care,https://www.chandlerdentalcare.net,(480) 361-6691
Children's Dental Care,https://www.childrensdentalcare.us,(972) 234-4500
Pediatric Dentistry of,https://www.citykidsdentist.com,(212) 362-7770
City Place Dental,https://www.cityplacedental.com,(301) 585-1515
Stamford Dentistry,https://www.clearsmiledentalstudio.com,(203) 883-4451
Clinica Dental Latina,https://www.clinicadentallatinany.com,(718) 651-7070
Colorado Dental Surgery,https://www.codentalsurgery.com,(720) 672-1518
City of Angels,https://www.cofadentistry.com,(213) 908-2003
Collins Road Family,https://www.collinsroadfamilydental.com,(860) 589-4577
ColumbiaDoctors Dentistry,https://www.columbiadoctors.org,(212) 326-8520
Community Clinic,https://www.communityclinicnwa.org,(855) 438-2280
Companion Dental Care,https://www.companiondentalcare.com,(540) 887-3304
Comprehensive Dental Associates,https://www.compdentalct.com,(860) 288-5786
Complete Dental,https://www.completedental.org,(281) 449-1053
Complete Dental,https://www.completedentallv.com,(702) 227-5800
Cosmetic Dentistry of,https://www.cosmeticdentistryofsa.com,(210) 493-9944
Cosmopolitan Dental,https://www.cosmopolitanmesquite.com,(702) 345-2299
CVHS Buckingham,https://www.cvhsinc.org,(434) 581-3271
Charlottesville Pediatric Dentistry,https://www.cvillepediatricdentistry.com,(434) 975-7336
Cy,https://www.cyfairdentalcare.com,(281) 970-2277
Dallas Dental Wellness,https://www.dallasdentalwellness.com,(214) 396-7876
Bluffview Dental,https://www.dallasdenturesandimplants.com,(214) 350-2311
Dar Dental Care,https://www.dardentalcare.com,(623) 471-6653
Davie Family Dental,https://www.daviefamilydental.com,(954) 349-3449
DC Dental Legacy,https://www.dcdentallegacy.com,(202) 932-9044
DC Family Dental,https://www.dcfamilydentaloffice.com,(202) 331-0655
Advanced Periodontics of,https://www.dc-perio.com,(202) 524-4863
DC Precision Dentistry,https://www.dcprecisiondentistry.com,(202) 659-1227
Downtown Dental Care,https://www.ddclr.com,(501) 216-1564
Diamond District Dental,https://www.dddentalnyc.com,(212) 759-5595
Memorial Heights Dental,https://www.ddsforyou.com,(713) 347-1662
Dr. Mark Gladnick,https://www.dedental.com,(302) 994-2660
Delaware Dental Studio,https://www.delawaredentalstudio.com,(302) 321-2600
Delaware Star Dental,https://www.delawarestardental.com,(302) 924-4303
Delicate Dental,https://www.delicatedentalgroup.com,(702) 570-3320
Delta Dental of,https://www.deltadentalaz.com,(602) 938-3131
Delaware Veterinary Dental,https://www.delvetdental.com,(302) 463-2879
Denali Dental Care,https://www.denalidentalcare.com,(971) 238-5849
Drs Bradford and,https://www.dentafish.com,(540) 453-7185
University of Maryland,https://www.dental.umaryland.edu,(410) 706-7101
Dental Attraction,https://www.dentalattraction.com,(972) 733-0999
Dr. Carlos J.,https://www.dentalboutiquenyc.com,(646) 649-3116
Dental Care at,https://www.dentalcareatmoonvalley.com,(602) 843-6000
Dental Care of,https://www.dentalcareofsouthflorida.com,(305) 245-0304
Dental Care Center,https://www.dentalcenterofhollywood.com,(954) 989-5500
Dental Center of,https://www.dentalcenteroflakewood.com,(214) 823-5253
Dental Center of,https://www.dentalcenterwestport.com,(203) 227-8700
Dental Check Plus,https://www.dentalcheckplus.com,(956) 999-4498
southern delaware dental,https://www.dentaldelaware.com,(302) 855-9499
Dental Dynasty,https://www.dentaldynasty.com,(702) 363-0421
Dental Services of,https://www.dentalfrederick.com,(301) 620-1117
Dental Home Family,https://www.dentalhomeaz.com,(602) 641-5855
Dr Dental Implants,https://www.dentalimplantsdrmoguel.com,(800) 636-7800
Dental Serenity,https://www.dentalserenity.com,(202) 296-7455
Dental Serenity of,https://www.dentalserenity.us,(212) 858-9266
Skye Zeller DMD,https://www.dentalsleepct.com,(203) 879-9372
Dental Solutions New,https://www.dentalsolutionsny.com,(718) 886-4545
Dental Specialists of,https://www.dentalspecialistsofdoral.com,(786) 355-4401
Dental Specialists of,https://www.dentalspecialistswp.com,(954) 231-4959
Dentiq Dentistry Houston,https://www.dentiq.dental,(713) 589-5185
Dentique NYC,https://www.dentiquenyc.com,(212) 889-8870
Emergency Dental Center,https://www.dentistemergency.nyc,(646) 992-0930
River City Dental,https://www.dentistmariettaoh.com,(740) 373-1826
Charlottesville Dental Care,https://www.dentistrycharlottesville.com,(434) 361-4850
Dentistry,https://www.dentistryforfamilies.com,(702) 633-4333
Dentistry of the,https://www.dentistryoftheozarks.com,(479) 751-8820
Dentx Dental,https://www.dentxdental.com,(602) 861-3700
Dentist Summerlin NV,https://www.desertskydentalsummerlin.com,(702) 433-8400
South Arkansas Veterinary,http://www.southarkansasvet.com,(870) 246-2497
Southern Ohio Smiles,http://www.southernohiosmiles.com,(740) 224-3959
South River Dental,http://www.southriversmiles.com,(540) 943-1222
Stamford Smile Arts,http://www.stamfordsmilearts.com,(203) 348-4145
Stratford Dental Care,http://www.stratforddentalcare.com,(203) 377-6418
Stratton Family Dental:,http://www.strattoncodental.com,(719) 348-5610
Studio Smiles NYC,http://www.studiosmilesnyc.com,(646) 470-1376
Summer Dental,http://www.summerdentallv.com,(702) 852-2829
Summit Dental Group,http://www.summitdentalteam.com,(970) 468-2471
Sunrise Children's Dentistry,http://www.sunrisechildrensdentistrylv.com,(702) 623-1633
Super Smile Dental,http://www.supersmiledentalaz.com,(623) 251-4346
Talcott Dental Care,http://www.talcottdentalcare.com,(860) 232-6865
Teethsavers Dental Clinic,http://www.teethsavers.com,(619) 730-0268
Tejas Dental,http://www.tejasdentaltx.com,(210) 673-8843
Texas Country Dental:,http://www.texascountrydental.com,(210) 688-6809
Texas Smiles dental,http://www.texassmilesusa.com,(210) 432-0909
The DC Dentist,http://www.thedcdentist.com,(202) 978-5562
Erbe Palafox,http://www.thedentalpal.com,(559) 227-6200
Smile N Style,http://www.thefrederickdentist.com,(301) 696-1016
The Heights Dental,http://www.theheightsdentalclinic.com,(501) 664-1511
College Park Dental,http://www.thetoothspa.com,(301) 345-5656
Thomas Jefferson Dental,http://www.thomasjefferson.biz,(434) 465-2136
Top Dental Care,http://www.topdentalcare.org,(281) 530-9339
Total Dental,http://www.totaldentalsmile.com,(954) 964-1494
Town,http://www.townandcountrydentallv.com,(702) 558-8696
Treasured Pearls Dentistry,http://www.treasuredpearlsdentistry.com,(202) 776-0901
New Sunshine Dental,http://www.triguerosdental.com,(305) 221-1902
Tucker Family Dentistry,http://www.tuckerfamilydentistryofselma.com,(334) 872-0486
Tumminia Dental Associates,http://www.tumminiadental.com,(561) 736-1900
Ultradent Products,http://www.ultradent.com,(801) 572-4200
Ultra Smile Dentistry,http://www.ultrasmileaz.com,(480) 830-3138
United Dental Specialists,http://www.uniteddentalspecialists.com,(305) 593-6521
Urbana Dental Spa,http://www.urbanadentalspa.com,(301) 874-0124
Urban Dental,http://www.urban-dental.com,(713) 528-9002
U Street Family,http://www.ustreetfamilydentistry.com,(202) 900-9006
UT Dentists,http://www.utdentists.com,(713) 486-4444
Virginia Association of,http://www.vafreeclinics.org,(804) 340-3434
Piedmont Regional Dental,http://www.vaprdc.org,(540) 661-0008
Villa Dental,http://www.villadentaltexas.com,(210) 920-8481
Wasilla Dental Center,http://www.wasilladentalcenter.com,(907) 376-5315
Watergate Dental Associates,http://www.watergatedental.com,(202) 965-5400
W Dental Dallas,http://www.wdentaldallas.com,(972) 385-4855
Western Slope Dental,http://www.westernslopedentalcenter.com,(970) 241-3483
Weston Dental Care,http://www.westondental.com,(954) 389-1212
Westpark Dental,http://www.westparkdental.info,(713) 977-6917
Yin Qianying Jane,http://www.whartforddental.com,(860) 523-9916
Wheeler Clinic,http://www.wheelerclinic.org,(860) 520-6000
Whitlock Dentistry of,http://www.whitlockdentistry.com,(606) 836-8162
Delk Campbell S,http://www.woodanddelkdentistry.com,(804) 747-9511
Yamato Family Dental,http://www.yamatofamilydental.com,(561) 504-7746
Your Dental Bryant,http://www.yrdental.com,(212) 682-5580
ZenDental,http://www.zendental.com,(213) 623-1129
Ziar Dental,http://www.ziardental.com,(212) 532-3242
Zopp Family Dental,http://zoppfamilydentalcenter.com,(540) 298-9419
172 NYC Dental,https://172nycdental.com,(646) 921-5541
Able Dental,https://abledental.com,(602) 275-2020
Absolute Dental,https://absolutedentalaz.com,(480) 750-4433
ADC Dental Care,https://adc-dentalcare.com,(786) 391-0112
Advanced Dental Arts,https://advanceddentalartsnyc.com,(212) 388-1170
Advanced Dental Wellness,https://adwcenter.com,(954) 525-5662
Affordable Dentist Near,https://affordabledentistnearme.com,(817) 727-8039
Agave Dental,https://agavedental.com,(602) 957-2411
Steven Alban Family,https://albandental.com,(302) 422-9637
Los Algodones Dentist,https://algodonesdentist.net,(928) 655-8071
All Dental Group,https://alldentalgroup.com,(305) 512-0066
All Stars Dental,https://allstarsdental.com,(713) 526-2424
Amazing Smile Dentistry,https://amazingsmilelv.com,(702) 734-6252
American Dental Care,https://american-dentalcare.com,(575) 571-1471
American Dental Care,https://americandentalcareinc.com,(713) 784-9696
Anchor Dental,https://anchordentalak.com,(907) 561-8573
Arch Dental of,https://archdentalofwesthartford.com,(860) 560-8606
Artistic Dental at,https://artisticd.com,(602) 840-5400
Aspen Smile Dentistry,https://aspensmiledentistry.com,(970) 925-6565
Aurora Dental Care,https://auroradentalak.com,(907) 376-8400
ADA Aventura,https://aventuradentalarts.com,(305) 682-1414
Aventura Dental Health,https://aventuradentalhealth.com,(305) 682-1795
Awesome Smiles Pompano,https://awesomesmilespompano.com,(954) 973-5798
Arizona Dental Heights,https://azdentalheights.com,(480) 525-6000
AZ Implant,https://azimplantdenturecenter.com,(623) 214-7898
AZ Lifetime Dentistry,https://azldental.com,(623) 455-3600
AZ Max Surgeons,https://azoralsurgery.com,(480) 830-5866
Bayview Dentistry,https://bayview-dentistry.com,(561) 947-5063
Broward Community,https://bcomhealth.org,(954) 970-7067
Brickell Dental Care,https://bdc-dentalcare.com,(407) 989-9999
Beechnut Dental Care,https://beechnutdentalcare.com,(936) 241-7733
Berkshire Family Dental,https://berkshirefamilydental.com,(202) 244-3902
Bernardo Campos Dental,https://bernardocamposdds.com,(305) 557-5282
New Leaf Dental,https://bestdentalbrooklyn.com,(718) 395-9099
Texas Dental Implant,https://bestdentalimplantshouston.com,(346) 260-3363
Big Gay Smiles,https://biggaysmiles.com,(240) 842-3944
Blanco Crossing Dental,https://blancocrossingdental.com,(210) 314-7949
Blue Periodontics,https://blueperiodontics.com,(970) 678-3473
Blume Pediatric Dentistry,https://blumedentistry.com,(210) 614-3334
Boca Dental and,https://bocadentallasvegas.com,(702) 505-9180
Breckenridge Dental Group,https://breckdental.com,(970) 457-4037
Brookstone Dental Care,https://brookstoneaz.com,(602) 992-1639
California Dental Arts,https://caldentalarts.com,(408) 255-1020
Capital Dental Center,https://capitaldentalcenter.com,(202) 978-8778
Capitol Dental Associates,https://capitoldentalteam.com,(202) 621-8446
Capitol Hill Pediatric,https://capitolhillpediatric.dentist,(202) 849-3292
Care Resource Community,https://careresource.org,(305) 576-1234
Carrington College Dental,https://carrington.edu,(408) 960-0181
Cooperative Christian Ministries,https://ccmchs.org,(501) 318-1153
Charlottesville Dental Medicine,https://charlottesvilledentalmedicine.com,(434) 974-6492
Children's Dentistry of,https://childrensdentistryofcharlottesville.com,(434) 817-1817
City Center,https://citycenterlr.org,(501) 396-3355
Clarksburg Bright Smiles,https://clarksburgbrightsmiles.com,(240) 998-5222
Clinica Dental of,https://clinicadentaltx.com,(214) 340-1776
Columbia Dental,https://columbiadental.com,(860) 743-9032
Comfy Dental Care,https://comfydental.care,(702) 869-8200
Community Dental Health,https://communitydentalhealth.org,(719) 310-3315
Constant Dental Care,https://constantdentalcare.com,(860) 414-6897
Cool Smilez Family,https://coolsmilez.com,(786) 600-0494
Dr. Yoan Cortiza,https://corsardental.com,(786) 800-9507
Cosmetic Dental Texas,https://cosmeticdentaltexas.com,(713) 654-7756
Crystal Clear Dental,https://crystalcleardental.com,(210) 900-4400
Connecticut Family Dentistry,https://ctfamilydentistry.com,(860) 646-1704
Dallas Cosmetic Dental,https://dallascosmeticdental.com,(214) 915-2086
Dallas Dental Assistant,https://dallasdentalassistantschool.com,(972) 472-2576
Davis Family Dentistry,https://davisfamilydentistryoh.com,(740) 532-6520
DB Dental Care,https://dbdentalcare.net,(786) 418-6757
Advanced Dental Concepts,https://dccosmeticdentistry.com,(202) 559-2700
DC Dental Spa,https://dcdentalspa.com,(202) 333-9282
AZ Dentures Plus,https://ddscenteraz.com,(480) 271-4600
Denstar Dental Center,https://denstardentist.com,(972) 783-5711
Dental American Group,https://dentalamericangroup.com,(786) 604-0715
Dental Care of,https://dentalcareofbryansroad.com,(301) 283-6211
Dental Clinic of,https://dentalclinicoffairfieldbay.com,(501) 884-3200
Dental Del Rio,https://dentaldelrioalgodones.com,(928) 315-1345
Dental Design Smile,https://dentaldesignsmilemiami.com,(786) 891-8793
Dental Design Studio,https://dentaldesign-studio.com,(833) 472-6830
Dental First Care,https://dentalfirst.care,(800) 304-9964
Dental Illusions,https://dentalillusions.com,(713) 715-7354
Dental Pearl,https://dentalpearlmiami.com,(305) 816-6620
Dental Plus,https://dentalplusmiami.com,(305) 969-2651
Dental Progress,https://dentalprogres.com,(786) 409-2233
Los Algodones Dental,https://dentalsolutionsalgodones.com,(928) 328-1121
Dental Specialists of,https://dentalspecialistsofny.com,(212) 661-2192
Hialeah Dental Center,https://dentilife.com,(305) 823-2661
CT Mobile Dentist,https://dentistatyourdoor.net,(860) 995-0727
Galleria Dental Center,https://dentistgalleria.com,(713) 960-9926
Glow Dental of,https://dentistinmidtownmanhattan.com,(212) 697-8620
UTHealth Houston School,https://dentistry.uth.edu,(713) 486-4000
The Dentists at,https://dentistsat650heights.com,(281) 974-4086
Dentists On Nellis,https://dentistsonnellis.com,(702) 457-5335
JCM Family Dental,https://dentistsunsetmiami.com,(305) 400-9835
Denver Dentures and,https://denverdenturesandimplants.com,(720) 699-1299
Desertview Dental Care,https://desertviewdentalcare.com,(623) 278-9402
AAA Family Dental,https://dn.dental,(602) 242-5406
Delaware Board of,https://dpr.delaware.gov,(302) 744-4500
Precision Dental Care,https://dr-afkari.com,(203) 838-5511
Chandler Family Dentistry,https://drchandlerdentistry.com,(501) 225-3977
James B Ford,https://drjamesbford.com,(614) 228-1113
Mountain Park Dentistry,https://drmowdds.com,(480) 759-9300
Dr. Siro Atheer,https://drpaulgrafdds.com,(281) 214-3688
Dr. Regina H.,https://drreginasaenz.com,(786) 536-2767
Durango Animal Hospital,https://durangoanimalhospital.com,(702) 242-9044
Eastport Dental AZ,https://eastportdentalaz.com,(480) 649-1949
Easy Dental Dallas,https://easydentaldallas.com,(972) 634-7787
Eco Dental Implant,https://ecodentalde.com,(302) 800-0001
Eco Dental NY,https://ecodentalny.com,(718) 368-3368
E Dental,https://edentalmontgomery.com,(334) 578-0011
Elevate Dental Wellness,https://elevatewillits.com,(970) 279-5647
Emergency Dental of,https://emergencydentaloflasvegas.com,(702) 766-8311
Emergency Dental of,https://emergencydentalofphoenix.com,(480) 426-8411
Emergency Dentist of,https://emergencydentistfortlauderdale.net,(954) 807-1840
Enchanted Dental Care,https://enchanteddental.com,(702) 732-2333
Enterprise Dental Care,https://enterprisesmiles.com,(301) 249-3333
Esp Dental,https://espdental.com,(602) 266-9659
Essential Dental,https://essential.dental,(702) 979-3068
Esthetique Dentistry in,https://esthetiquedentistryfrederick.com,(301) 835-1010
Evergreen Dental Center,https://evergreendentalak.com,(907) 531-3477
Eye Street Dental,https://eyestreetdentaldc.com,(202) 223-3536
Family First Dentistry,https://familyfirstdentistry.com,(907) 562-2820
Florida Gardens Dental,https://fgddental.com,(561) 968-7050
Fiesta Orthodontics,https://fiestaorthodontics.com,(210) 693-0444
Fine Dental Houston,https://finedentalhoustontx.com,(281) 809-3595
Florida Health Dental,https://flhealthdental.com,(239) 427-3595
FMS Dental,https://fmsdental.org,(713) 364-1616
Forest Lane Dental,https://forestlanedentaldallas.com,(214) 350-1425
Foundation Dental,https://foundationdentalclinic.com,(602) 612-2435
Frederick Dental Solutions,https://frederickdentalsolutions.com,(301) 450-6071
Fort Washington Dental,https://fwdentalassociates.com,(646) 551-0855
GDental,https://g.dental,(954) 431-0450
Dr. Diana De,https://gemadentalcare.com,(305) 362-0010
Germantown Pediatric Dental,https://germantownbigsmiles.com,(240) 482-8264
Gramercy Orthodontics,https://gramercyorthonyc.com,(212) 777-9177
Guadalajara Dental Clinic,https://guadalajaradentalclinic.com,(928) 377-4582
Hamden Dental Care,https://hamdendentalcare.com,(203) 562-0234
Harrisonburg Family Dentistry,https://harrisonburgdentistry.com,(540) 209-8090
Hartford Dental Group,https://hartforddentalgroup.com,(860) 728-6668
Hartford Family Dentist,https://hartfordfamilydentistct.com,(860) 525-7459
Hawley Lane Dental,https://hawleylanedental.com,(475) 335-8404
Healthcare Network,https://healthcareswfl.org,(239) 658-3000
Hallandale Medical Center,https://hgdoctors.com,(954) 362-8677
High Desert Dental,https://highdesertdental.info,(970) 438-2510
Houston Dental,https://houstondentalclinic.net,(713) 973-0111
Family Dental Center,https://houstonfamilydentalcenter.com,(713) 692-2627
Valley Dental Center,https://hyblavalleydental.com,(703) 799-7041
Avicenna,https://ibnsinafoundation.org,(281) 977-7467
Impact Oral Surgery,https://impactoralsurgery.com,(501) 408-4774
Inspirada Dental,https://inspiradadental.com,(702) 983-7099
Just Kids Dental,https://justkidsdental.com,(214) 416-8700
Kids World Pediatric,https://kidsworldpediatricdental.com,(210) 787-1200
King Family Dental,https://kingfamilydental.com,(501) 336-0300
Lakeview Dental,https://lakeviewdent.com,(301) 396-7382
Lancaster Family Dentistry,https://lancasterfamilydds.com,(469) 547-5834
Lasting Smiles Dental,https://lastingsmiles.com,(702) 259-5295
Legacy Dental,https://legacydental.com,(801) 210-8086
Leon Springs Dental,https://leonspringsdental.com,(210) 698-1010
Levy Dental Arts,https://levydentalarts.com,(646) 466-7557
Lexington Smiles,https://lexingtonvasmiles.com,(540) 458-0410
Dental Assistant School,https://littlerockdentalassistant.com,(501) 290-4375
Local Dental,https://localdentalsa.com,(210) 686-1486
Longs Peak Dentistry,https://longspeakdentistry.com,(303) 833-5660
Algodones Dental Care,https://losalgodonesdentist.com,(623) 255-6020
Little Rock Dentures,https://lrdenturesandimplants.com,(501) 507-0877
L's Dental,https://lsdentalhouston.com,(713) 633-1922
Luminous Dental,https://luminousdentallv.com,(702) 805-8688
Lumos Dental New,https://lumos.dental,(203) 680-9831
Madison Free Clinic,https://madisonfreeclinic.org,(540) 948-3667
Magnolia Dental,https://magnoliadentalaz.com,(480) 919-8863
Maiden Lane Dental,https://maidenlanedental.com,(212) 509-4585
Main Street Dental,https://mainstreetdentalnewark.com,(302) 368-2558
Making You Smile,https://makingyousmile.nyc,(646) 846-4645
Steve Mangan,https://mangandental.com,(501) 666-1188
Sherwin Benlevi DDS,https://manhattanbestdental.com,(212) 722-4088
Manhattan Dental Spa:,https://manhattandentalspa.com,(212) 683-2530
Marconi Dental Aesthetics,https://marconidentalaesthetics.com,(832) 626-7444
Maryland Holistic Dentist,https://marylandholisticdentist.com,(301) 273-1412
Mat,https://matsudental.com,(907) 376-2456
Medical Center Dental,https://mcenterdental.com,(713) 667-3300
Med Center Dentistry,https://medcenterdentalsa.com,(210) 615-8380
Mercado Dental Care,https://mercadodentalaz.com,(480) 907-3951
Maryland Foundation,https://mfd-dds.org,(410) 964-1944
MIA Dental,https://miadental.net,(305) 532-6795
Miami Bay Oral,https://miamibayoralhealth.com,(786) 870-1135
All Smiles Dentistry,https://miamidental.net,(305) 371-6064
Mi Casa Dental,https://micasadentist.com,(713) 979-0391
Midtown Dental Group,https://midtowndentalgroup.com,(212) 588-1809
Miles Of Smiles,https://milesofsmilesdental.net,(301) 588-0768
Miro Dental Centers,https://mirodentalcenter.com,(305) 203-5114
Morgan and Presley,https://morganandpresleydental.com,(801) 561-9999
Mountain Valley Kids,https://mountainvalleykidsdental.com,(970) 926-8486
Mt. Pleasant Family,https://mtpleasantfamilydentistry.com,(202) 540-9213
MVP Smiles,https://mvpsmiles.com,(301) 977-2200
Candlewood Dental Care,https://mycandlewooddental.com,(203) 746-1200
My Dentist Mesa,https://mydentistaz.com,(480) 833-2232
My Scottsdale Dentist,https://myscottsdaledentist.com,(480) 614-1122
Smiles in Bloom,https://mysmileinbloom.com,(860) 254-5840
ToothHQ Dental Specialists,https://mytoothhq.com,(214) 446-3783
Navy Yard Dental,https://navyyarddental.com,(202) 670-4882
New Castle Dental,https://nccodental.com,(970) 984-8252
Newark Dental Associates,https://newarkdental.com,(302) 737-5170
New Beginnings Dental,https://newbeginningsdentistry.com,(334) 259-5317
Smile Advanced Dental,https://newbraunfelstx.dental,(830) 396-5708
New Columbia Dentistry,https://newcolumbiadentistry.com,(202) 918-1620
New York Family,https://newyorkfamilydentistry.com,(718) 763-0505
North Dallas Smiles,https://northdallassmiles.com,(972) 233-9399
North Texas Dental,https://northtexasdentalsurgery.com,(469) 626-8254
Northwest Colorado Health,https://northwestcoloradohealth.org,(970) 824-8000
Norwalk Dental Care,https://norwalkdentalcare.com,(203) 853-6626
Nova Dental Studio,https://novadentalmiami.com,(786) 687-0909
Nevada Endodontics,https://nvendodontics.com,(702) 263-2000
Next Generation Dental,https://nxdental.com,(212) 362-3360
Oak Cliff Dental,https://oakcliffdentalcenter.com,(214) 948-3364
Olive Dental Group,https://olivedentalhouston.com,(281) 397-6161
Omega Dental Specialists,https://omegadentists.com,(713) 322-7474
ORAL Dental Studio,https://oraldentalstudio.com,(646) 798-9627
Dental Services of,https://oterodentalcenters.com,(305) 255-8855
Pacific Dental Clinic,https://pacificdentalclinics.com,(559) 492-2486
Page Free Clinic,https://pagefreeclinic.org,(540) 743-1054
Paladin Dental,https://paladindental.com,(559) 436-8288
Alex R. Perez,https://palmspringsdentalarts.com,(305) 557-8880
Park West Dental,https://parkwestfamilydentistry.com,(281) 759-9191
Parsons Smile Center,https://parsonssmilecenter.com,(718) 939-0862
Pediatric Dental Care,https://pdcakids.com,(702) 254-4220
Dr. Benjamin Mishler,https://peakhealthdentistry.com,(907) 337-0304
Perfect Smile and,https://perfectsmileimplantcenter.com,(305) 474-0400
Kids Connection Dental,https://phoenixkidsdentistryortho.com,(623) 223-1001
Playa Dental,https://playadentaldallas.com,(214) 353-0683
Premier Dental Center,https://premierdentalsa.com,(210) 494-8850
White Rock Dental,https://primedds.com,(214) 348-2320
Prime Pediatric Dental,https://primepediatricdentalgroup.com,(305) 825-9899
Progressive Dental Office,https://progressivedentaloffice.com,(305) 829-0100
Prostho Endo Dental,https://prosthocosmeticdentistry.com,(301) 377-8306
Redwood Dental of,https://redwooddentalutah.com,(435) 557-3377
Right Care Dental,https://rightcaredental.com,(305) 456-1927
Dr. Thomas A.,https://roaringforkdental.com,(970) 927-3776
Rockville Dental Arts,https://rockvilledentalarts.com,(301) 888-6631
Royale Dental,https://royaledental.com,(305) 885-7767
South Park Family,https://safamilydentalcare.com,(210) 927-1400
San Dimas Dental,https://sandimasdentalcare.com,(661) 322-7696
Gauri Savant,https://savantdds.com,(646) 594-9311
Seguritan Dental Arts,https://seguritandentalarts.com,(347) 535-5360
Servicios Dentales Hispanos,https://serviciosdentaleshispanos.info,(800) 778-5364
Shady Grove Dental,https://shadygrovedentalcare.com,(301) 330-4600
Shoreline Dental Care,https://shorelinedentalcare.com,(203) 457-6311
Siranli Dental,https://siranlidentaldupont.com,(202) 296-3330
Sky Dental,https://skydentalnyc.com,(212) 600-1996
Sky Island Dental,https://skyisland.dental,(702) 736-6381
Smile Center Los,https://smilecenterlosalgodones.com,(928) 554-3052
Smilecloud Family Dental,https://smilecloudfamilydental.com,(972) 972-4999
Smile Dental Center,https://smiledentalcentergroup.com,(786) 560-7567
Smile Every Day,https://smileeverydaydentistry.com,(954) 682-8000
Bream Family Dental,https://smilesbybream.squarespace.com,(540) 949-7246
Dentistry at Serenity,https://smilesbyserenity.com,(754) 900-4747
Smile Science Dental,https://smilescience.com,(480) 608-9237
Prattville Pediatric Dentistry,https://smilesfromus.com,(334) 358-6411
Smiles of Midtown,https://smilesofmidtown.com,(713) 523-6848
Southern Nevada Dental,https://sndios.com,(702) 685-3700
South Dade Dental,https://southdadedentalspecialtiesgroup.com,(305) 221-8780
Southwest Dental Associates,https://southwestdentalva.com,(540) 483-7577
Soy La Dentista,https://soyladentista.com,(305) 888-9807
Sparkling Charms Dental,https://sparklingcharmsdentistry.com,(443) 681-6455
Springtime Family Dental,https://springtimefamilydentalcare.com,(210) 558-7000
Star Dental Care,https://stardentalcaretx.com,(713) 541-9007
Star Dental,https://stardentaldallas.com,(972) 433-0708
Douglas D. Wright,https://stauntonsmiles.net,(540) 688-2123
Ohio Valley Dental,https://stclairsvilledental.com,(740) 695-5535
Brush,https://stratfordctdentist.com,(203) 378-9500
Summerlin Smiles,https://summerlinsmiles.com,(702) 579-7645
Sunny Isles Dental,https://sunnyislesdental.com,(305) 330-6609
Sunset Smile Creations,https://sunsetsmilecreations.com,(305) 557-6712
Superteeth Pediatric Dentistry,https://superteethmiami.com,(305) 224-6766
Dentist in Stamford,https://supremedentalct.com,(203) 348-5612
Sweet Tooth Dental,https://sweettoothphoenix.com,(602) 641-5380
Swett Dentistry,https://swettdentistry.com,(434) 303-5516
The Art of,https://theartofbraces.com,(702) 800-4698
The Comprehensive Dental,https://thecdgofhouston.com,(713) 275-0666
The Dental Method,https://thedentalmethod.com,(214) 227-6775
Pediatric Dental Care:,https://thedentist4kids.com,(240) 683-8040
Grace Dental Studio,https://thegracedentalstudio.com,(888) 407-3735
Palmetto Dental Studio,https://thepalmettodental.com,(786) 747-4763
The Smile Mission,https://thesmilemission.com,(786) 701-8246
The Tooth Family,https://thetoothdental.com,(702) 202-1603
TOP Dental Center,https://topdentalmiami.com,(786) 905-0055
TriBeCa Dental Associates,https://tribeca.dental,(212) 671-3749
Twin Dental New,https://twindentalnewyork.com,(212) 659-6494
Ultra Dental,https://ultradental.com,(602) 613-8004
United Dental Specialists,https://uniteddentalspecialists.com,(305) 593-6520
Unity Dental Assisting,https://unityda.com,(602) 759-7020
Urbach Pediatric Dentistry,https://urbachpediatricdentistry.com,(713) 574-5890
URBN Dental Implants,https://urbndental.com,(713) 322-8442
Dr. Barry A.,https://usdentalmedical.com,(614) 252-3181
Valley View Dental,https://valleyview-dental.com,(972) 241-4684
Vegas Dentist,https://vegasdentist.com,(725) 977-4616
Kikuchi Oral Surgery,https://vegasoralsurgery.com,(702) 876-6337
Dr. KEMEL J.,https://vitadent.us,(305) 551-6405
Valley Wide Dental,https://vwdentalhuntsville.com,(256) 808-2999
VZ Dentistry,https://vzdentistry.com,(740) 325-3448
Wall Street Dental,https://wallstdentalspanyc.com,(212) 514-5514
DC Dental Studio,https://washingtondcdentalstudio.com,(202) 496-1994
Washington Dental Clinic,https://washingtondentalclinic.godaddysites.com,(619) 308-7098
Wave Dental,https://wavedentaltx.com,(281) 888-1150
Wellness Dental Care,https://wellnessdentalcarect.com,(959) 230-4565
Emergency Dentist Weston,https://westgatedentalfl.com,(954) 389-9600
Dr Simona Ivan,https://westgranddental.com,(501) 321-1044
West Henderson Dental,https://westhendersondental.com,(702) 805-0701
Westover Hills Family,https://westoverhillsfamilydental.com,(210) 257-0953
West Sahara Dental,https://westsaharadental.com,(702) 641-0481
Ohio State Dentistry,https://wexnermedical.osu.edu,(614) 366-3400
Whole Health Dentistry,https://wholehealthdentistryaz.com,(480) 571-2240
209 NYC Dental,https://www.209nycdental.com,(212) 355-2290
24th Street Dental,https://www.24streetdentalphoenix.com,(602) 468-1135
7 to 7,https://www.7to7dental.com,(210) 495-2000
Absolute Dental Care,https://www.absolutedentalcarepllc.com,(210) 524-9866
Advanced Dental Health,https://www.adhaz.com,(480) 405-0300
La Misi�n Family,https://www.adssa.org,(210) 626-0600
Advance and General,https://www.advanceandgeneraldental.com,(305) 836-3635
Advanced Dental Center,https://www.advanceddentalgermantown.com,(301) 353-8890
Advanced Family Dental,https://www.afdentalcare.com,(301) 528-2600
Affordable Dentist South,https://www.affordabledentistsouthflorida.com,(561) 908-1423
Advanced Family Dentistry,https://www.akfamilydental.org,(907) 357-5018
Alamo Heights Pediatric,https://www.alamoheightspediatricdentistry.com,(210) 822-8381
Alamo Springs Dental,https://www.alamospringsdental.com,(210) 463-9339
Albert Family Dentistry,https://www.albertfamilydentistry.com,(434) 973-7695
Alfi Oral,https://www.alfioralsurgery.com,(713) 489-6984
A List Dental:,https://www.alistdental.net,(702) 757-6803
Amaya Dental,https://www.amayadental.com,(305) 264-2711
Washington Center,https://www.amazingdentistry.com,(202) 858-0039
Ambiance Dental Spa:,https://www.ambiancedentspa.com,(301) 262-2624
America Dental Clinic:,https://www.americadentalclinics.com,(305) 485-8427
American Dental Care,https://www.americandentalsmiles.com,(302) 734-7634
AmeriCare Dental,https://www.americaredental.com,(713) 742-5588
A New Smile,https://www.anewsmiledentalcenter.com,(305) 531-1633
Antoine Dental Center,https://www.antoinedentalcenter.com,(713) 691-8880
Apex Dental Center,https://www.apexdentalcenter.com,(302) 998-0304
Apex Dental Education,https://www.apexdentaleducation.com,(501) 249-2772
Arizona Biltmore Dentistry,https://www.arizonabiltmoredentistry.com,(602) 737-3624
Arizona Dental Anesthesia,https://www.arizonada.com,(800) 997-1220
Dental Specialty Associates,https://www.arizonadentalspecialists.com,(602) 962-7558
Arkansas Tongue,https://www.arkansastongueandliptie.com,(501) 764-3883
Artistic Dental Medicine:,https://www.artisticdentalmedicine.com,(860) 379-3830
Dental Center of,https://www.aspenhilldds.com,(301) 871-8000
Athens Dental Arts,https://www.athensdentalarts.com,(740) 593-8530
Atlantic Dental,https://www.atlanticdentalphoenix.org,(602) 923-0700
Avant Dentistry,https://www.avantdentistry.com,(240) 743-4421
Avenue Dental Plan,https://www.avenuedentalplan.com,(888) 890-0895
Avion Dental,https://www.aviondentaldallas.com,(972) 807-9887
Arizona Family Dental,https://www.azfamilydental.com,(480) 782-5477
AZ Oral Health,https://www.azoralhealth.com,(480) 977-1440
Baltimore Dental,https://www.baltimoredentalllc.com,(410) 764-3363
Browning Family Dentistry,https://www.bcfamilydentistry.com,(540) 943-4215
